name,poster,description,year,director,imdb_link,imdb_id,imdb_rating,duration
Închisoarea îngerilor,"https://m.media-amazon.com/images/M/MV5BMDFkYTc0MGEtZmNhMC00ZDIzLWFmNTEtODM1ZmRlYWMwMWFmXkEyXkFqcGdeQXVyMTMxODk2OTU@._V1_UY67_CR0,0,45,67_AL_.jpg",,1994,Frank Darabont,https://imdb.com/title/tt0111161,tt0111161,9.2,120
Nașul,"https://m.media-amazon.com/images/M/MV5BM2MyNjYxNmUtYTAwNi00MTYxLWJmNWYtYzZlODY3ZTk3OTFlXkEyXkFqcGdeQXVyNzkwMjQ5NzM@._V1_UY67_CR1,0,45,67_AL_.jpg",,1972,Francis Ford Coppola,https://imdb.com/title/tt0068646,tt0068646,9.2,120
Cavalerul negru,"https://m.media-amazon.com/images/M/MV5BMTMxNTMwODM0NF5BMl5BanBnXkFtZTcwODAyMTk2Mw@@._V1_UY67_CR0,0,45,67_AL_.jpg",,2008,Christopher Nolan,https://imdb.com/title/tt0468569,tt0468569,9.0,120
Nașul: Partea a II-a,"https://m.media-amazon.com/images/M/MV5BMWMwMGQzZTItY2JlNC00OWZiLWIyMDctNDk2ZDQ2YjRjMWQ0XkEyXkFqcGdeQXVyNzkwMjQ5NzM@._V1_UY67_CR1,0,45,67_AL_.jpg",,1974,Francis Ford Coppola,https://imdb.com/title/tt0071562,tt0071562,9.0,120
12 Oameni mânioşi,"https://m.media-amazon.com/images/M/MV5BMWU4N2FjNzYtNTVkNC00NzQ0LTg0MjAtYTJlMjFhNGUxZDFmXkEyXkFqcGdeQXVyNjc1NTYyMjg@._V1_UX45_CR0,0,45,67_AL_.jpg",,1957,Sidney Lumet,https://imdb.com/title/tt0050083,tt0050083,8.9,120
Lista lui Schindler,"https://m.media-amazon.com/images/M/MV5BNDE4OTMxMTctNmRhYy00NWE2LTg3YzItYTk3M2UwOTU5Njg4XkEyXkFqcGdeQXVyNjU0OTQ0OTY@._V1_UX45_CR0,0,45,67_AL_.jpg",,1993,Steven Spielberg,https://imdb.com/title/tt0108052,tt0108052,8.9,120
Stăpânul inelelor: Întoarcerea regelui,"https://m.media-amazon.com/images/M/MV5BNzA5ZDNlZWMtM2NhNS00NDJjLTk4NDItYTRmY2EwMWZlMTY3XkEyXkFqcGdeQXVyNzkwMjQ5NzM@._V1_UY67_CR0,0,45,67_AL_.jpg",,2003,Peter Jackson,https://imdb.com/title/tt0167260,tt0167260,8.9,120
Pulp Fiction,"https://m.media-amazon.com/images/M/MV5BNGNhMDIzZTUtNTBlZi00MTRlLWFjM2ItYzViMjE3YzI5MjljXkEyXkFqcGdeQXVyNzkwMjQ5NzM@._V1_UY67_CR0,0,45,67_AL_.jpg",,1994,Quentin Tarantino,https://imdb.com/title/tt0110912,tt0110912,8.9,120
Stăpânul inelelor: Frăția inelului,"https://m.media-amazon.com/images/M/MV5BN2EyZjM3NzUtNWUzMi00MTgxLWI0NTctMzY4M2VlOTdjZWRiXkEyXkFqcGdeQXVyNDUzOTQ5MjY@._V1_UY67_CR0,0,45,67_AL_.jpg",,2001,Peter Jackson,https://imdb.com/title/tt0120737,tt0120737,8.8,120
"Cel bun, cel rău, cel urât","https://m.media-amazon.com/images/M/MV5BNjJlYmNkZGItM2NhYy00MjlmLTk5NmQtNjg1NmM2ODU4OTMwXkEyXkFqcGdeQXVyMjUzOTY1NTc@._V1_UX45_CR0,0,45,67_AL_.jpg",,1966,Sergio Leone,https://imdb.com/title/tt0060196,tt0060196,8.8,120
Forrest Gump,"https://m.media-amazon.com/images/M/MV5BNWIwODRlZTUtY2U3ZS00Yzg1LWJhNzYtMmZiYmEyNmU1NjMzXkEyXkFqcGdeQXVyMTQxNzMzNDI@._V1_UY67_CR0,0,45,67_AL_.jpg",,1994,Robert Zemeckis,https://imdb.com/title/tt0109830,tt0109830,8.8,120
Fight Club - Sala de lupte,"https://m.media-amazon.com/images/M/MV5BNDIzNDU0YzEtYzE5Ni00ZjlkLTk5ZjgtNjM3NWE4YzA3Nzk3XkEyXkFqcGdeQXVyMjUzOTY1NTc@._V1_UY67_CR0,0,45,67_AL_.jpg",,1999,David Fincher,https://imdb.com/title/tt0137523,tt0137523,8.7,120
Începutul,"https://m.media-amazon.com/images/M/MV5BMjAxMzY3NjcxNF5BMl5BanBnXkFtZTcwNTI5OTM0Mw@@._V1_UY67_CR0,0,45,67_AL_.jpg",,2010,Christopher Nolan,https://imdb.com/title/tt1375666,tt1375666,8.7,120
Stăpânul inelelor: Cele două turnuri,"https://m.media-amazon.com/images/M/MV5BZGMxZTdjZmYtMmE2Ni00ZTdkLWI5NTgtNjlmMjBiNzU2MmI5XkEyXkFqcGdeQXVyNjU0OTQ0OTY@._V1_UX45_CR0,0,45,67_AL_.jpg",,2002,Peter Jackson,https://imdb.com/title/tt0167261,tt0167261,8.7,120
Războiul stelelor - Episodul V: Imperiul contraatacă,"https://m.media-amazon.com/images/M/MV5BYmU1NDRjNDgtMzhiMi00NjZmLTg5NGItZDNiZjU5NTU4OTE0XkEyXkFqcGdeQXVyNzkwMjQ5NzM@._V1_UX45_CR0,0,45,67_AL_.jpg",,1980,Irvin Kershner,https://imdb.com/title/tt0080684,tt0080684,8.7,120
Matrix,"https://m.media-amazon.com/images/M/MV5BNzQzOTk3OTAtNDQ0Zi00ZTVkLWI0MTEtMDllZjNkYzNjNTc4L2ltYWdlXkEyXkFqcGdeQXVyNjU0OTQ0OTY@._V1_UX45_CR0,0,45,67_AL_.jpg",,1999,Lana Wachowski,https://imdb.com/title/tt0133093,tt0133093,8.7,120
Băieți buni,"https://m.media-amazon.com/images/M/MV5BY2NkZjEzMDgtN2RjYy00YzM1LWI4ZmQtMjIwYjFjNmI3ZGEwXkEyXkFqcGdeQXVyNzkwMjQ5NzM@._V1_UX45_CR0,0,45,67_AL_.jpg",,1990,Martin Scorsese,https://imdb.com/title/tt0099685,tt0099685,8.7,120
Zbor deasupra unui cuib de cuci,"https://m.media-amazon.com/images/M/MV5BZjA0OWVhOTAtYWQxNi00YzNhLWI4ZjYtNjFjZTEyYjJlNDVlL2ltYWdlL2ltYWdlXkEyXkFqcGdeQXVyMTQxNzMzNDI@._V1_UY67_CR0,0,45,67_AL_.jpg",,1975,Milos Forman,https://imdb.com/title/tt0073486,tt0073486,8.6,120
Se7en,"https://m.media-amazon.com/images/M/MV5BOTUwODM5MTctZjczMi00OTk4LTg3NWUtNmVhMTAzNTNjYjcyXkEyXkFqcGdeQXVyNjU0OTQ0OTY@._V1_UX45_CR0,0,45,67_AL_.jpg",,1995,David Fincher,https://imdb.com/title/tt0114369,tt0114369,8.6,120
Cei șapte samurai,"https://m.media-amazon.com/images/M/MV5BNWQ3OTM4ZGItMWEwZi00MjI5LWI3YzgtNTYwNWRkNmIzMGI5XkEyXkFqcGdeQXVyNDY2MTk1ODk@._V1_UY67_CR1,0,45,67_AL_.jpg",,1954,Akira Kurosawa,https://imdb.com/title/tt0047478,tt0047478,8.6,120
O viață minunată,"https://m.media-amazon.com/images/M/MV5BZjc4NDZhZWMtNGEzYS00ZWU2LThlM2ItNTA0YzQ0OTExMTE2XkEyXkFqcGdeQXVyNjUwMzI2NzU@._V1_UY67_CR0,0,45,67_AL_.jpg",,1946,Frank Capra,https://imdb.com/title/tt0038650,tt0038650,8.6,120
Tăcerea mieilor,"https://m.media-amazon.com/images/M/MV5BNjNhZTk0ZmEtNjJhMi00YzFlLWE1MmEtYzM1M2ZmMGMwMTU4XkEyXkFqcGdeQXVyNjU0OTQ0OTY@._V1_UY67_CR0,0,45,67_AL_.jpg",,1991,Jonathan Demme,https://imdb.com/title/tt0102926,tt0102926,8.6,120
Orașul zeilor,"https://m.media-amazon.com/images/M/MV5BOTMwYjc5ZmItYTFjZC00ZGQ3LTlkNTMtMjZiNTZlMWQzNzI5XkEyXkFqcGdeQXVyNzkwMjQ5NzM@._V1_UX45_CR0,0,45,67_AL_.jpg",,2002,Fernando Meirelles,https://imdb.com/title/tt0317248,tt0317248,8.6,120
Salvați soldatul Ryan,"https://m.media-amazon.com/images/M/MV5BZjhkMDM4MWItZTVjOC00ZDRhLThmYTAtM2I5NzBmNmNlMzI1XkEyXkFqcGdeQXVyNDYyMDk5MTU@._V1_UY67_CR0,0,45,67_AL_.jpg",,1998,Steven Spielberg,https://imdb.com/title/tt0120815,tt0120815,8.6,120
Viața e frumoasă,"https://m.media-amazon.com/images/M/MV5BYmJmM2Q4NmMtYThmNC00ZjRlLWEyZmItZTIwOTBlZDQ3NTQ1XkEyXkFqcGdeQXVyMTQxNzMzNDI@._V1_UX45_CR0,0,45,67_AL_.jpg",,1997,Roberto Benigni,https://imdb.com/title/tt0118799,tt0118799,8.6,120
Culoarul morții,"https://m.media-amazon.com/images/M/MV5BMTUxMzQyNjA5MF5BMl5BanBnXkFtZTYwOTU2NTY3._V1_UY67_CR0,0,45,67_AL_.jpg",,1999,Frank Darabont,https://imdb.com/title/tt0120689,tt0120689,8.6,120
Interstellar: Călătorind prin univers,"https://m.media-amazon.com/images/M/MV5BZjdkOTU3MDktN2IxOS00OGEyLWFmMjktY2FiMmZkNWIyODZiXkEyXkFqcGdeQXVyMTMxODk2OTU@._V1_UY67_CR0,0,45,67_AL_.jpg",,2014,Christopher Nolan,https://imdb.com/title/tt0816692,tt0816692,8.6,120
Războiul stelelor - Episodul IV: O nouă speranță,"https://m.media-amazon.com/images/M/MV5BNzg4MjQxNTQtZmI5My00YjMwLWJlMjUtMmJlY2U2ZWFlNzY1XkEyXkFqcGdeQXVyODk4OTc3MTY@._V1_UX45_CR0,0,45,67_AL_.jpg",,1977,George Lucas,https://imdb.com/title/tt0076759,tt0076759,8.6,120
Terminatorul 2: Ziua judecății,"https://m.media-amazon.com/images/M/MV5BMGU2NzRmZjUtOGUxYS00ZjdjLWEwZWItY2NlM2JhNjkxNTFmXkEyXkFqcGdeQXVyNjU0OTQ0OTY@._V1_UY67_CR0,0,45,67_AL_.jpg",,1991,James Cameron,https://imdb.com/title/tt0103064,tt0103064,8.5,120
Înapoi în viitor,"https://m.media-amazon.com/images/M/MV5BZmU0M2Y1OGUtZjIxNi00ZjBkLTg1MjgtOWIyNThiZWIwYjRiXkEyXkFqcGdeQXVyMTQxNzMzNDI@._V1_UX45_CR0,0,45,67_AL_.jpg",,1985,Robert Zemeckis,https://imdb.com/title/tt0088763,tt0088763,8.5,120
Călătoria lui Chihiro,"https://m.media-amazon.com/images/M/MV5BMjlmZmI5MDctNDE2YS00YWE0LWE5ZWItZDBhYWQ0NTcxNWRhXkEyXkFqcGdeQXVyMTMxODk2OTU@._V1_UY67_CR0,0,45,67_AL_.jpg",,2001,Hayao Miyazaki,https://imdb.com/title/tt0245429,tt0245429,8.5,120
Psycho,"https://m.media-amazon.com/images/M/MV5BNTQwNDM1YzItNDAxZC00NWY2LTk0M2UtNDIwNWI5OGUyNWUxXkEyXkFqcGdeQXVyNzkwMjQ5NzM@._V1_UY67_CR0,0,45,67_AL_.jpg",,1960,Alfred Hitchcock,https://imdb.com/title/tt0054215,tt0054215,8.5,120
Pianistul,"https://m.media-amazon.com/images/M/MV5BOWRiZDIxZjktMTA1NC00MDQ2LWEzMjUtMTliZmY3NjQ3ODJiXkEyXkFqcGdeQXVyNjU0OTQ0OTY@._V1_UY67_CR2,0,45,67_AL_.jpg",,2002,Roman Polanski,https://imdb.com/title/tt0253474,tt0253474,8.5,120
Leon,"https://m.media-amazon.com/images/M/MV5BODllNWE0MmEtYjUwZi00ZjY3LThmNmQtZjZlMjI2YTZjYmQ0XkEyXkFqcGdeQXVyNTc1NTQxODI@._V1_UX45_CR0,0,45,67_AL_.jpg",,1994,Luc Besson,https://imdb.com/title/tt0110413,tt0110413,8.5,120
Parazit,"https://m.media-amazon.com/images/M/MV5BYWZjMjk3ZTItODQ2ZC00NTY5LWE0ZDYtZTI3MjcwN2Q5NTVkXkEyXkFqcGdeQXVyODk4OTc3MTY@._V1_UY67_CR0,0,45,67_AL_.jpg",,2019,Bong Joon Ho,https://imdb.com/title/tt6751668,tt6751668,8.5,120
The Lion King,"https://m.media-amazon.com/images/M/MV5BYTYxNGMyZTYtMjE3MS00MzNjLWFjNmYtMDk3N2FmM2JiM2M1XkEyXkFqcGdeQXVyNjY5NDU4NzI@._V1_UY67_CR0,0,45,67_AL_.jpg",,1994,Roger Allers,https://imdb.com/title/tt0110357,tt0110357,8.5,120
Gladiatorul,"https://m.media-amazon.com/images/M/MV5BMDliMmNhNDEtODUyOS00MjNlLTgxODEtN2U3NzIxMGVkZTA1L2ltYWdlXkEyXkFqcGdeQXVyNjU0OTQ0OTY@._V1_UY67_CR0,0,45,67_AL_.jpg",,2000,Ridley Scott,https://imdb.com/title/tt0172495,tt0172495,8.5,120
Povestea X a Americii,"https://m.media-amazon.com/images/M/MV5BZTJhN2FkYWEtMGI0My00YWM4LWI2MjAtM2UwNjY4MTI2ZTQyXkEyXkFqcGdeQXVyNjc3MjQzNTI@._V1_UY67_CR0,0,45,67_AL_.jpg",,1998,Tony Kaye,https://imdb.com/title/tt0120586,tt0120586,8.5,120
Suspecți de serviciu,"https://m.media-amazon.com/images/M/MV5BYTViNjMyNmUtNDFkNC00ZDRlLThmMDUtZDU2YWE4NGI2ZjVmXkEyXkFqcGdeQXVyNjU0OTQ0OTY@._V1_UX45_CR0,0,45,67_AL_.jpg",,1995,Bryan Singer,https://imdb.com/title/tt0114814,tt0114814,8.5,120
Cârtița,"https://m.media-amazon.com/images/M/MV5BMTI1MTY2OTIxNV5BMl5BanBnXkFtZTYwNjQ4NjY3._V1_UY67_CR0,0,45,67_AL_.jpg",,2006,Martin Scorsese,https://imdb.com/title/tt0407887,tt0407887,8.5,120
Prestigiul,"https://m.media-amazon.com/images/M/MV5BMjA4NDI0MTIxNF5BMl5BanBnXkFtZTYwNTM0MzY2._V1_UY67_CR0,0,45,67_AL_.jpg",,2006,Christopher Nolan,https://imdb.com/title/tt0482571,tt0482571,8.5,120
Casablanca,"https://m.media-amazon.com/images/M/MV5BY2IzZGY2YmEtYzljNS00NTM5LTgwMzUtMzM1NjQ4NGI0OTk0XkEyXkFqcGdeQXVyNDYyMDk5MTU@._V1_UX45_CR0,0,45,67_AL_.jpg",,1942,Michael Curtiz,https://imdb.com/title/tt0034583,tt0034583,8.5,120
Whiplash,"https://m.media-amazon.com/images/M/MV5BOTA5NDZlZGUtMjAxOS00YTRkLTkwYmMtYWQ0NWEwZDZiNjEzXkEyXkFqcGdeQXVyMTMxODk2OTU@._V1_UY67_CR0,0,45,67_AL_.jpg",,2014,Damien Chazelle,https://imdb.com/title/tt2582802,tt2582802,8.5,120
Invincibilii,"https://m.media-amazon.com/images/M/MV5BMTYxNDA3MDQwNl5BMl5BanBnXkFtZTcwNTU4Mzc1Nw@@._V1_UY67_CR0,0,45,67_AL_.jpg",,2011,Olivier Nakache,https://imdb.com/title/tt1675434,tt1675434,8.5,120
Harakiri,"https://m.media-amazon.com/images/M/MV5BYjBmYTQ1NjItZWU5MS00YjI0LTg2OTYtYmFkN2JkMmNiNWVkXkEyXkFqcGdeQXVyMTMxMTY0OTQ@._V1_UY67_CR2,0,45,67_AL_.jpg",,1962,Masaki Kobayashi,https://imdb.com/title/tt0056058,tt0056058,8.5,120
Timpuri noi,"https://m.media-amazon.com/images/M/MV5BYjJiZjMzYzktNjU0NS00OTkxLWEwYzItYzdhYWJjN2QzMTRlL2ltYWdlL2ltYWdlXkEyXkFqcGdeQXVyNjU0OTQ0OTY@._V1_UX45_CR0,0,45,67_AL_.jpg",,1936,Charles Chaplin,https://imdb.com/title/tt0027977,tt0027977,8.4,120
Cimitirul licuricilor,"https://m.media-amazon.com/images/M/MV5BZmY2NjUzNDQtNTgxNC00M2Q4LTljOWQtMjNjNDBjNWUxNmJlXkEyXkFqcGdeQXVyNTA4NzY1MzY@._V1_UX45_CR0,0,45,67_AL_.jpg",,1988,Isao Takahata,https://imdb.com/title/tt0095327,tt0095327,8.4,120
Top Gun: Maverick,"https://m.media-amazon.com/images/M/MV5BOWQwOTA1ZDQtNzk3Yi00ZmVmLWFiZGYtNjdjNThiYjJhNzRjXkEyXkFqcGdeQXVyODE5NzE3OTE@._V1_UY67_CR0,0,45,67_AL_.jpg",,2022,Joseph Kosinski,https://imdb.com/title/tt1745960,tt1745960,8.4,120
"Undeva, cândva în Vest","https://m.media-amazon.com/images/M/MV5BODQ3NDExOGYtMzI3Mi00NWRlLTkwNjAtNjc4MDgzZGJiZTA1XkEyXkFqcGdeQXVyMjUzOTY1NTc@._V1_UX45_CR0,0,45,67_AL_.jpg",,1968,Sergio Leone,https://imdb.com/title/tt0064116,tt0064116,8.4,120
În spatele ferestrei,"https://m.media-amazon.com/images/M/MV5BNGUxYWM3M2MtMGM3Mi00ZmRiLWE0NGQtZjE5ODI2OTJhNTU0XkEyXkFqcGdeQXVyMTQxNzMzNDI@._V1_UY67_CR0,0,45,67_AL_.jpg",,1954,Alfred Hitchcock,https://imdb.com/title/tt0047396,tt0047396,8.4,120
Alien,"https://m.media-amazon.com/images/M/MV5BOGQzZTBjMjQtOTVmMS00NGE5LWEyYmMtOGQ1ZGZjNmRkYjFhXkEyXkFqcGdeQXVyMjUzOTY1NTc@._V1_UX45_CR0,0,45,67_AL_.jpg",,1979,Ridley Scott,https://imdb.com/title/tt0078748,tt0078748,8.4,120
Luminile orașului,"https://m.media-amazon.com/images/M/MV5BY2I4MmM1N2EtM2YzOS00OWUzLTkzYzctNDc5NDg2N2IyODJmXkEyXkFqcGdeQXVyNzkwMjQ5NzM@._V1_UX45_CR0,0,45,67_AL_.jpg",,1931,Charles Chaplin,https://imdb.com/title/tt0021749,tt0021749,8.4,120
Cinema Paradiso,"https://m.media-amazon.com/images/M/MV5BM2FhYjEyYmYtMDI1Yy00YTdlLWI2NWQtYmEzNzAxOGY1NjY2XkEyXkFqcGdeQXVyNTA3NTIyNDg@._V1_UY67_CR0,0,45,67_AL_.jpg",,1988,Giuseppe Tornatore,https://imdb.com/title/tt0095765,tt0095765,8.4,120
Memento,"https://m.media-amazon.com/images/M/MV5BZTcyNjk1MjgtOWI3Mi00YzQwLWI5MTktMzY4ZmI2NDAyNzYzXkEyXkFqcGdeQXVyNjU0OTQ0OTY@._V1_UY67_CR0,0,45,67_AL_.jpg",,2000,Christopher Nolan,https://imdb.com/title/tt0209144,tt0209144,8.4,120
Apocalipsul acum,"https://m.media-amazon.com/images/M/MV5BYmQyNTA1ZGItNjZjMi00NzFlLWEzMWEtNWMwN2Q2MjJhYzEyXkEyXkFqcGdeQXVyMjUzOTY1NTc@._V1_UX45_CR0,0,45,67_AL_.jpg",,1979,Francis Ford Coppola,https://imdb.com/title/tt0078788,tt0078788,8.4,120
Indiana Jones și căutătorii arcei pierdute,"https://m.media-amazon.com/images/M/MV5BNTU2ODkyY2MtMjU1NC00NjE1LWEzYjgtMWQ3MzRhMTE0NDc0XkEyXkFqcGdeQXVyMjM4MzQ4OTQ@._V1_UY67_CR0,0,45,67_AL_.jpg",,1981,Steven Spielberg,https://imdb.com/title/tt0082971,tt0082971,8.4,120
Django dezlănțuit,"https://m.media-amazon.com/images/M/MV5BMjIyNTQ5NjQ1OV5BMl5BanBnXkFtZTcwODg1MDU4OA@@._V1_UY67_CR0,0,45,67_AL_.jpg",,2012,Quentin Tarantino,https://imdb.com/title/tt1853728,tt1853728,8.4,120
WALL-E,"https://m.media-amazon.com/images/M/MV5BMjExMTg5OTU0NF5BMl5BanBnXkFtZTcwMjMxMzMzMw@@._V1_UY67_CR0,0,45,67_AL_.jpg",,2008,Andrew Stanton,https://imdb.com/title/tt0910970,tt0910970,8.4,120
Viețile altora,"https://m.media-amazon.com/images/M/MV5BNmQyNmJjM2ItNTQzYi00ZjMxLWFjMDYtZjUyN2YwZDk5YWQ2XkEyXkFqcGdeQXVyMjUzOTY1NTc@._V1_UX45_CR0,0,45,67_AL_.jpg",,2006,Florian Henckel von Donnersmarck,https://imdb.com/title/tt0405094,tt0405094,8.4,120
Bulevardul amurgului,"https://m.media-amazon.com/images/M/MV5BMTU0NTkyNzYwMF5BMl5BanBnXkFtZTgwMDU0NDk5MTI@._V1_UX45_CR0,0,45,67_AL_.jpg",,1950,Billy Wilder,https://imdb.com/title/tt0043014,tt0043014,8.4,120
Cărările gloriei,"https://m.media-amazon.com/images/M/MV5BOTI5Nzc0OTMtYzBkMS00NjkxLThmM2UtNjM2ODgxN2M5NjNkXkEyXkFqcGdeQXVyNjQ2MjQ5NzM@._V1_UX45_CR0,0,45,67_AL_.jpg",,1957,Stanley Kubrick,https://imdb.com/title/tt0050825,tt0050825,8.4,120
Strălucirea,"https://m.media-amazon.com/images/M/MV5BZWFlYmY2MGEtZjVkYS00YzU4LTg0YjQtYzY1ZGE3NTA5NGQxXkEyXkFqcGdeQXVyMTQxNzMzNDI@._V1_UX45_CR0,0,45,67_AL_.jpg",,1980,Stanley Kubrick,https://imdb.com/title/tt0081505,tt0081505,8.4,120
Dictatorul,"https://m.media-amazon.com/images/M/MV5BMmExYWJjNTktNGUyZS00ODhmLTkxYzAtNWIzOGEyMGNiMmUwXkEyXkFqcGdeQXVyNjU0OTQ0OTY@._V1_UY67_CR0,0,45,67_AL_.jpg",,1940,Charles Chaplin,https://imdb.com/title/tt0032553,tt0032553,8.4,120
Martorul acuzării,"https://m.media-amazon.com/images/M/MV5BNDQwODU5OWYtNDcyNi00MDQ1LThiOGMtZDkwNWJiM2Y3MDg0XkEyXkFqcGdeQXVyMDI2NDg0NQ@@._V1_UX45_CR0,0,45,67_AL_.jpg",,1957,Billy Wilder,https://imdb.com/title/tt0051201,tt0051201,8.4,120
Răzbunătorii: Războiul infinitului,"https://m.media-amazon.com/images/M/MV5BMjMxNjY2MDU1OV5BMl5BanBnXkFtZTgwNzY1MTUwNTM@._V1_UY67_CR0,0,45,67_AL_.jpg",,2018,Anthony Russo,https://imdb.com/title/tt4154756,tt4154756,8.4,120
Alien 2 - Misiune de pedeapsă,"https://m.media-amazon.com/images/M/MV5BZGU2OGY5ZTYtMWNhYy00NjZiLWI0NjUtZmNhY2JhNDRmODU3XkEyXkFqcGdeQXVyNzkwMjQ5NzM@._V1_UX45_CR0,0,45,67_AL_.jpg",,1986,James Cameron,https://imdb.com/title/tt0090605,tt0090605,8.3,120
Frumusețe americană,"https://m.media-amazon.com/images/M/MV5BNTBmZWJkNjctNDhiNC00MGE2LWEwOTctZTk5OGVhMWMyNmVhXkEyXkFqcGdeQXVyMTMxODk2OTU@._V1_UY67_CR0,0,45,67_AL_.jpg",,1999,Sam Mendes,https://imdb.com/title/tt0169547,tt0169547,8.3,120
Dr. Strangelove sau cum am învățat să nu mă mai tem și să iubesc bomba,"https://m.media-amazon.com/images/M/MV5BZWI3ZTMxNjctMjdlNS00NmUwLWFiM2YtZDUyY2I3N2MxYTE0XkEyXkFqcGdeQXVyNzkwMjQ5NzM@._V1_UX45_CR0,0,45,67_AL_.jpg",,1964,Stanley Kubrick,https://imdb.com/title/tt0057012,tt0057012,8.3,120
Omul-Păianjen: În lumea păianjenului,"https://m.media-amazon.com/images/M/MV5BMjMwNDkxMTgzOF5BMl5BanBnXkFtZTgwNTkwNTQ3NjM@._V1_UY67_CR0,0,45,67_AL_.jpg",,2018,Bob Persichetti,https://imdb.com/title/tt4633694,tt4633694,8.3,120
Cavalerul negru: Legenda renaște,"https://m.media-amazon.com/images/M/MV5BMTk4ODQzNDY3Ml5BMl5BanBnXkFtZTcwODA0NTM4Nw@@._V1_UY67_CR0,0,45,67_AL_.jpg",,2012,Christopher Nolan,https://imdb.com/title/tt1345836,tt1345836,8.3,120
Căinţă şi răzbunare,"https://m.media-amazon.com/images/M/MV5BMTI3NTQyMzU5M15BMl5BanBnXkFtZTcwMTM2MjgyMQ@@._V1_UY67_CR0,0,45,67_AL_.jpg",,2003,Park Chan-wook,https://imdb.com/title/tt0364569,tt0364569,8.3,120
Joker,"https://m.media-amazon.com/images/M/MV5BNGVjNWI4ZGUtNzE0MS00YTJmLWE0ZDctN2ZiYTk2YmI3NTYyXkEyXkFqcGdeQXVyMTkxNjUyNQ@@._V1_UY67_CR0,0,45,67_AL_.jpg",,2019,Todd Phillips,https://imdb.com/title/tt7286456,tt7286456,8.3,120
Amadeus,"https://m.media-amazon.com/images/M/MV5BNWJlNzUzNGMtYTAwMS00ZjI2LWFmNWQtODcxNWUxODA5YmU1XkEyXkFqcGdeQXVyNTIzOTk5ODM@._V1_UX45_CR0,0,45,67_AL_.jpg",,1984,Milos Forman,https://imdb.com/title/tt0086879,tt0086879,8.3,120
Inimă neînfricată,"https://m.media-amazon.com/images/M/MV5BMzkzMmU0YTYtOWM3My00YzBmLWI0YzctOGYyNTkwMWE5MTJkXkEyXkFqcGdeQXVyNzkwMjQ5NzM@._V1_UY67_CR0,0,45,67_AL_.jpg",,1995,Mel Gibson,https://imdb.com/title/tt0112573,tt0112573,8.3,120
Povestea jucăriilor,"https://m.media-amazon.com/images/M/MV5BMDU2ZWJlMjktMTRhMy00ZTA5LWEzNDgtYmNmZTEwZTViZWJkXkEyXkFqcGdeQXVyNDQ2OTk4MzI@._V1_UX45_CR0,0,45,67_AL_.jpg",,1995,John Lasseter,https://imdb.com/title/tt0114709,tt0114709,8.3,120
Coco,"https://m.media-amazon.com/images/M/MV5BYjQ5NjM0Y2YtNjZkNC00ZDhkLWJjMWItN2QyNzFkMDE3ZjAxXkEyXkFqcGdeQXVyODIxMzk5NjA@._V1_UY67_CR1,0,45,67_AL_.jpg",,2017,Lee Unkrich,https://imdb.com/title/tt2380307,tt2380307,8.3,120
Submarinul,"https://m.media-amazon.com/images/M/MV5BNDBjMWUxNTUtNjZiNi00YzJhLTgzNzUtMTRiY2FkZmMzYTNjXkEyXkFqcGdeQXVyMTUzMDUzNTI3._V1_UX45_CR0,0,45,67_AL_.jpg",,1981,Wolfgang Petersen,https://imdb.com/title/tt0082096,tt0082096,8.3,120
Ticăloși fără glorie,"https://m.media-amazon.com/images/M/MV5BOTJiNDEzOWYtMTVjOC00ZjlmLWE0NGMtZmE1OWVmZDQ2OWJhXkEyXkFqcGdeQXVyNTIzOTk5ODM@._V1_UY67_CR0,0,45,67_AL_.jpg",,2009,Quentin Tarantino,https://imdb.com/title/tt0361748,tt0361748,8.3,120
Prințesa Mononoke,"https://m.media-amazon.com/images/M/MV5BNGIzY2IzODQtNThmMi00ZDE4LWI5YzAtNzNlZTM1ZjYyYjUyXkEyXkFqcGdeQXVyODEzNjM5OTQ@._V1_UX45_CR0,0,45,67_AL_.jpg",,1997,Hayao Miyazaki,https://imdb.com/title/tt0119698,tt0119698,8.3,120
Răzbunătorii: Sfârșitul jocului,"https://m.media-amazon.com/images/M/MV5BMTc5MDE2ODcwNV5BMl5BanBnXkFtZTgwMzI2NzQ2NzM@._V1_UY67_CR0,0,45,67_AL_.jpg",,2019,Anthony Russo,https://imdb.com/title/tt4154796,tt4154796,8.3,120
A fost odată în America,"https://m.media-amazon.com/images/M/MV5BMGFkNWI4MTMtNGQ0OC00MWVmLTk3MTktOGYxN2Y2YWVkZWE2XkEyXkFqcGdeQXVyNjU0OTQ0OTY@._V1_UX45_CR0,0,45,67_AL_.jpg",,1984,Sergio Leone,https://imdb.com/title/tt0087843,tt0087843,8.3,120
Good Will Hunting,"https://m.media-amazon.com/images/M/MV5BOTI0MzcxMTYtZDVkMy00NjY1LTgyMTYtZmUxN2M3NmQ2NWJhXkEyXkFqcGdeQXVyMTQxNzMzNDI@._V1_UX45_CR0,0,45,67_AL_.jpg",,1997,Gus Van Sant,https://imdb.com/title/tt0119217,tt0119217,8.3,120
Povestea jucăriilor 3,"https://m.media-amazon.com/images/M/MV5BMTgxOTY4Mjc0MF5BMl5BanBnXkFtZTcwNTA4MDQyMw@@._V1_UY67_CR1,0,45,67_AL_.jpg",,2010,Lee Unkrich,https://imdb.com/title/tt0435761,tt0435761,8.3,120
Requiem pentru un vis,"https://m.media-amazon.com/images/M/MV5BOTdiNzJlOWUtNWMwNS00NmFlLWI0YTEtZmI3YjIzZWUyY2Y3XkEyXkFqcGdeQXVyNjU0OTQ0OTY@._V1_UX45_CR0,0,45,67_AL_.jpg",,2000,Darren Aronofsky,https://imdb.com/title/tt0180093,tt0180093,8.3,120
Numele tău,"https://m.media-amazon.com/images/M/MV5BODRmZDVmNzUtZDA4ZC00NjhkLWI2M2UtN2M0ZDIzNDcxYThjL2ltYWdlXkEyXkFqcGdeQXVyNTk0MzMzODA@._V1_UY67_CR0,0,45,67_AL_.jpg",,2016,Makoto Shinkai,https://imdb.com/title/tt5311514,tt5311514,8.3,120
Cântând în ploaie,"https://m.media-amazon.com/images/M/MV5BZDRjNGViMjQtOThlMi00MTA3LThkYzQtNzJkYjBkMGE0YzE1XkEyXkFqcGdeQXVyNDYyMDk5MTU@._V1_UY67_CR0,0,45,67_AL_.jpg",,1952,Stanley Donen,https://imdb.com/title/tt0045152,tt0045152,8.3,120
3 idioți,"https://m.media-amazon.com/images/M/MV5BNTkyOGVjMGEtNmQzZi00NzFlLTlhOWQtODYyMDc2ZGJmYzFhXkEyXkFqcGdeQXVyNjU0OTQ0OTY@._V1_UY67_CR1,0,45,67_AL_.jpg",,2009,Rajkumar Hirani,https://imdb.com/title/tt1187043,tt1187043,8.3,120
Războiul stelelor - Episodul VI: Întoarcerea lui Jedi,"https://m.media-amazon.com/images/M/MV5BOWZlMjFiYzgtMTUzNC00Y2IzLTk1NTMtZmNhMTczNTk0ODk1XkEyXkFqcGdeQXVyNTAyODkwOQ@@._V1_UX45_CR0,0,45,67_AL_.jpg",,1983,Richard Marquand,https://imdb.com/title/tt0086190,tt0086190,8.3,120
Odiseea spațială 2001,"https://m.media-amazon.com/images/M/MV5BMmNlYzRiNDctZWNhMi00MzI4LThkZTctMTUzMmZkMmFmNThmXkEyXkFqcGdeQXVyNzkwMjQ5NzM@._V1_UY67_CR0,0,45,67_AL_.jpg",,1968,Stanley Kubrick,https://imdb.com/title/tt0062622,tt0062622,8.3,120
Strălucirea eternă a minții neprihănite,"https://m.media-amazon.com/images/M/MV5BMTY4NzcwODg3Nl5BMl5BanBnXkFtZTcwNTEwOTMyMw@@._V1_UY67_CR0,0,45,67_AL_.jpg",,2004,Michel Gondry,https://imdb.com/title/tt0338013,tt0338013,8.3,120
Profesioniștii crimei,"https://m.media-amazon.com/images/M/MV5BZmExNmEwYWItYmQzOS00YjA5LTk2MjktZjEyZDE1Y2QxNjA1XkEyXkFqcGdeQXVyMTQxNzMzNDI@._V1_UX45_CR0,0,45,67_AL_.jpg",,1992,Quentin Tarantino,https://imdb.com/title/tt0105236,tt0105236,8.3,120
Cerul și iadul,"https://m.media-amazon.com/images/M/MV5BOTI4NTNhZDMtMWNkZi00MTRmLWJmZDQtMmJkMGVmZTEzODlhXkEyXkFqcGdeQXVyNjc1NTYyMjg@._V1_UX45_CR0,0,45,67_AL_.jpg",,1963,Akira Kurosawa,https://imdb.com/title/tt0057565,tt0057565,8.3,120
Capernaum - Haos și speranță,"https://m.media-amazon.com/images/M/MV5BY2Y3OWNkMTctYzNjYS00NWVkLTg4OWEtY2YxN2I3NDhlYzE0XkEyXkFqcGdeQXVyMTI3ODAyMzE2._V1_UY67_CR1,0,45,67_AL_.jpg",,2018,Nadine Labaki,https://imdb.com/title/tt8267604,tt8267604,8.3,120
Cetățeanul Kane,"https://m.media-amazon.com/images/M/MV5BYjBiOTYxZWItMzdiZi00NjlkLWIzZTYtYmFhZjhiMTljOTdkXkEyXkFqcGdeQXVyNzkwMjQ5NzM@._V1_UX45_CR0,0,45,67_AL_.jpg",,1941,Orson Welles,https://imdb.com/title/tt0033467,tt0033467,8.3,120
Lawrence din Arabia,"https://m.media-amazon.com/images/M/MV5BYWY5ZjhjNGYtZmI2Ny00ODM0LWFkNzgtZmI1YzA2N2MxMzA0XkEyXkFqcGdeQXVyNjUwNzk3NDc@._V1_UY67_CR0,0,45,67_AL_.jpg",,1962,David Lean,https://imdb.com/title/tt0056172,tt0056172,8.3,120
Vânătoarea,"https://m.media-amazon.com/images/M/MV5BMTg2NDg3ODg4NF5BMl5BanBnXkFtZTcwNzk3NTc3Nw@@._V1_UY67_CR1,0,45,67_AL_.jpg",,2012,Thomas Vinterberg,https://imdb.com/title/tt2106476,tt2106476,8.3,120
M - Un oraș își caută ucigașul,"https://m.media-amazon.com/images/M/MV5BODA4ODk3OTEzMF5BMl5BanBnXkFtZTgwMTQ2ODMwMzE@._V1_UX45_CR0,0,45,67_AL_.jpg",,1931,Fritz Lang,https://imdb.com/title/tt0022100,tt0022100,8.3,120
"La nord, prin nord-vest","https://m.media-amazon.com/images/M/MV5BZDA3NDExMTUtMDlhOC00MmQ5LWExZGUtYmI1NGVlZWI4OWNiXkEyXkFqcGdeQXVyNjc1NTYyMjg@._V1_UX45_CR0,0,45,67_AL_.jpg",,1959,Alfred Hitchcock,https://imdb.com/title/tt0053125,tt0053125,8.3,120
Amețeala,"https://m.media-amazon.com/images/M/MV5BYTE4ODEwZDUtNDFjOC00NjAxLWEzYTQtYTI1NGVmZmFlNjdiL2ltYWdlL2ltYWdlXkEyXkFqcGdeQXVyNjc1NTYyMjg@._V1_UX45_CR0,0,45,67_AL_.jpg",,1958,Alfred Hitchcock,https://imdb.com/title/tt0052357,tt0052357,8.2,120
Amélie,"https://m.media-amazon.com/images/M/MV5BNDg4NjM1YjMtYmNhZC00MjM0LWFiZmYtNGY1YjA3MzZmODc5XkEyXkFqcGdeQXVyNDk3NzU2MTQ@._V1_UX45_CR0,0,45,67_AL_.jpg",,2001,Jean-Pierre Jeunet,https://imdb.com/title/tt0211915,tt0211915,8.2,120
Vino si vezi,"https://m.media-amazon.com/images/M/MV5BODM4Njg0NTAtYjI5Ny00ZjAxLTkwNmItZTMxMWU5M2U3M2RjXkEyXkFqcGdeQXVyNzkwMjQ5NzM@._V1_UX45_CR0,0,45,67_AL_.jpg",,1985,Elem Klimov,https://imdb.com/title/tt0091251,tt0091251,8.2,120
Portocala mecanică,"https://m.media-amazon.com/images/M/MV5BMTY3MjM1Mzc4N15BMl5BanBnXkFtZTgwODM0NzAxMDE@._V1_UY67_CR0,0,45,67_AL_.jpg",,1971,Stanley Kubrick,https://imdb.com/title/tt0066921,tt0066921,8.2,120
Glonţ cu cămaşă metalică,"https://m.media-amazon.com/images/M/MV5BNzkxODk0NjEtYjc4Mi00ZDI0LTgyYjEtYzc1NDkxY2YzYTgyXkEyXkFqcGdeQXVyNzkwMjQ5NzM@._V1_UX45_CR0,0,45,67_AL_.jpg",,1987,Stanley Kubrick,https://imdb.com/title/tt0093058,tt0093058,8.2,120
Asigurare de moarte,"https://m.media-amazon.com/images/M/MV5BOTdlNjgyZGUtOTczYi00MDdhLTljZmMtYTEwZmRiOWFkYjRhXkEyXkFqcGdeQXVyNDY2MTk1ODk@._V1_UX45_CR0,0,45,67_AL_.jpg",,1944,Billy Wilder,https://imdb.com/title/tt0036775,tt0036775,8.2,120
Apartamentul,"https://m.media-amazon.com/images/M/MV5BNzkwODFjNzItMmMwNi00MTU5LWE2MzktM2M4ZDczZGM1MmViXkEyXkFqcGdeQXVyNDY2MTk1ODk@._V1_UX45_CR0,0,45,67_AL_.jpg",,1960,Billy Wilder,https://imdb.com/title/tt0053604,tt0053604,8.2,120
Scarface,"https://m.media-amazon.com/images/M/MV5BNjdjNGQ4NDEtNTEwYS00MTgxLTliYzQtYzE2ZDRiZjFhZmNlXkEyXkFqcGdeQXVyNjU0OTQ0OTY@._V1_UX45_CR0,0,45,67_AL_.jpg",,1983,Brian De Palma,https://imdb.com/title/tt0086250,tt0086250,8.2,120
A trăi,"https://m.media-amazon.com/images/M/MV5BZTdkN2E5OTYtN2FiMi00YWUwLWEzMGMtZTMzNjY0NjgzYzFiXkEyXkFqcGdeQXVyMTI3ODAyMzE2._V1_UY67_CR1,0,45,67_AL_.jpg",,1952,Akira Kurosawa,https://imdb.com/title/tt0044741,tt0044741,8.2,120
Cacealmaua,"https://m.media-amazon.com/images/M/MV5BNGU3NjQ4YTMtZGJjOS00YTQ3LThmNmItMTI5MDE2ODI3NzY3XkEyXkFqcGdeQXVyMjUzOTY1NTc@._V1_UX45_CR0,0,45,67_AL_.jpg",,1973,George Roy Hill,https://imdb.com/title/tt0070735,tt0070735,8.2,120
Să ucizi o pasăre cântătoare,"https://m.media-amazon.com/images/M/MV5BNmVmYzcwNzMtMWM1NS00MWIyLThlMDEtYzUwZDgzODE1NmE2XkEyXkFqcGdeQXVyNzkwMjQ5NzM@._V1_UX45_CR0,0,45,67_AL_.jpg",,1962,Robert Mulligan,https://imdb.com/title/tt0056592,tt0056592,8.2,120
Șoferul de taxi,"https://m.media-amazon.com/images/M/MV5BM2M1MmVhNDgtNmI0YS00ZDNmLTkyNjctNTJiYTQ2N2NmYzc2XkEyXkFqcGdeQXVyNzkwMjQ5NzM@._V1_UX45_CR0,0,45,67_AL_.jpg",,1976,Martin Scorsese,https://imdb.com/title/tt0075314,tt0075314,8.2,120
Deasupra tuturor,"https://m.media-amazon.com/images/M/MV5BMTk3NDE2NzI4NF5BMl5BanBnXkFtZTgwNzE1MzEyMTE@._V1_UX45_CR0,0,45,67_AL_.jpg",,2009,Pete Docter,https://imdb.com/title/tt1049413,tt1049413,8.2,120
L.A. Confidential,"https://m.media-amazon.com/images/M/MV5BMDQ2YzEyZGItYWRhOS00MjBmLTkzMDUtMTdjYzkyMmQxZTJlXkEyXkFqcGdeQXVyNjU0OTQ0OTY@._V1_UY67_CR0,0,45,67_AL_.jpg",,1997,Curtis Hanson,https://imdb.com/title/tt0119488,tt0119488,8.2,120
Obsesia,"https://m.media-amazon.com/images/M/MV5BYjZjNTJlZGUtZTE1Ny00ZDc4LTgwYjUtMzk0NDgwYzZjYTk1XkEyXkFqcGdeQXVyNjU0OTQ0OTY@._V1_UY67_CR1,0,45,67_AL_.jpg",,1995,Michael Mann,https://imdb.com/title/tt0113277,tt0113277,8.2,120
Metropolis,"https://m.media-amazon.com/images/M/MV5BMTg5YWIyMWUtZDY5My00Zjc1LTljOTctYmI0MWRmY2M2NmRkXkEyXkFqcGdeQXVyMTMxODk2OTU@._V1_UY67_CR0,0,45,67_AL_.jpg",,1927,Fritz Lang,https://imdb.com/title/tt0017136,tt0017136,8.2,120
"Nader și Simin, o despărțire","https://m.media-amazon.com/images/M/MV5BN2JmMjViMjMtZTM5Mi00ZGZkLTk5YzctZDg5MjFjZDE4NjNkXkEyXkFqcGdeQXVyMTMxODk2OTU@._V1_UY67_CR0,0,45,67_AL_.jpg",,2011,Asghar Farhadi,https://imdb.com/title/tt1832382,tt1832382,8.2,120
Incendii,"https://m.media-amazon.com/images/M/MV5BMWE3MGYzZjktY2Q5Mi00Y2NiLWIyYWUtMmIyNzA3YmZlMGFhXkEyXkFqcGdeQXVyMTMxODk2OTU@._V1_UX45_CR0,0,45,67_AL_.jpg",,2010,Denis Villeneuve,https://imdb.com/title/tt1255953,tt1255953,8.2,120
Greu de ucis,"https://m.media-amazon.com/images/M/MV5BZjRlNDUxZjAtOGQ4OC00OTNlLTgxNmQtYTBmMDgwZmNmNjkxXkEyXkFqcGdeQXVyNzkwMjQ5NzM@._V1_UX45_CR0,0,45,67_AL_.jpg",,1988,John McTiernan,https://imdb.com/title/tt0095016,tt0095016,8.2,120
Unde dai și unde crapă,"https://m.media-amazon.com/images/M/MV5BMTA2NDYxOGYtYjU1Mi00Y2QzLTgxMTQtMWI1MGI0ZGQ5MmU4XkEyXkFqcGdeQXVyNDk3NzU2MTQ@._V1_UY67_CR0,0,45,67_AL_.jpg",,2000,Guy Ritchie,https://imdb.com/title/tt0208092,tt0208092,8.2,120
Hamilton,"https://m.media-amazon.com/images/M/MV5BNjViNWRjYWEtZTI0NC00N2E3LTk0NGQtMjY4NTM3OGNkZjY0XkEyXkFqcGdeQXVyMjUxMTY3ODM@._V1_UY67_CR0,0,45,67_AL_.jpg",,2020,Thomas Kail,https://imdb.com/title/tt8503618,tt8503618,8.2,120
Indiana Jones și ultima cruciadă,"https://m.media-amazon.com/images/M/MV5BY2Q0ODg4ZmItNDZiYi00ZWY5LTg2NzctNmYwZjA5OThmNzE1XkEyXkFqcGdeQXVyMjM4MzQ4OTQ@._V1_UY67_CR0,0,45,67_AL_.jpg",,1989,Steven Spielberg,https://imdb.com/title/tt0097576,tt0097576,8.2,120
Hoți de biciclete,"https://m.media-amazon.com/images/M/MV5BNmI1ODdjODctMDlmMC00ZWViLWI5MzYtYzRhNDdjYmM3MzFjXkEyXkFqcGdeQXVyMTMxODk2OTU@._V1_UY67_CR0,0,45,67_AL_.jpg",,1948,Vittorio De Sica,https://imdb.com/title/tt0040522,tt0040522,8.2,120
1917: Speranță și moarte,"https://m.media-amazon.com/images/M/MV5BOTdmNTFjNDEtNzg0My00ZjkxLTg1ZDAtZTdkMDc2ZmFiNWQ1XkEyXkFqcGdeQXVyNTAzNzgwNTg@._V1_UX45_CR0,0,45,67_AL_.jpg",,2019,Sam Mendes,https://imdb.com/title/tt8579674,tt8579674,8.2,120
Ca stelele pe Pământ,"https://m.media-amazon.com/images/M/MV5BMDhjZWViN2MtNzgxOS00NmI4LThiZDQtZDI3MzM4MDE4NTc0XkEyXkFqcGdeQXVyMTMxODk2OTU@._V1_UY67_CR1,0,45,67_AL_.jpg",,2007,Aamir Khan,https://imdb.com/title/tt0986264,tt0986264,8.2,120
Ultimele zile ale lui Hitler,"https://m.media-amazon.com/images/M/MV5BMTU0NTU5NTAyMl5BMl5BanBnXkFtZTYwNzYwMDg2._V1_UY67_CR0,0,45,67_AL_.jpg",,2004,Oliver Hirschbiegel,https://imdb.com/title/tt0363163,tt0363163,8.2,120
Pentru câțiva dolari în plus,"https://m.media-amazon.com/images/M/MV5BMzJlZTNkYjQtMTE1OS00YTJlLTgxNjItYzg4NTllODdkMzBiXkEyXkFqcGdeQXVyMjUzOTY1NTc@._V1_UX45_CR0,0,45,67_AL_.jpg",,1965,Sergio Leone,https://imdb.com/title/tt0059578,tt0059578,8.2,120
Batman - Începuturi,"https://m.media-amazon.com/images/M/MV5BOTY4YjI2N2MtYmFlMC00ZjcyLTg3YjEtMDQyM2ZjYzQ5YWFkXkEyXkFqcGdeQXVyMTQxNzMzNDI@._V1_UY67_CR0,0,45,67_AL_.jpg",,2005,Christopher Nolan,https://imdb.com/title/tt0372784,tt0372784,8.2,120
Dangal,"https://m.media-amazon.com/images/M/MV5BMTQ4MzQzMzM2Nl5BMl5BanBnXkFtZTgwMTQ1NzU3MDI@._V1_UY67_CR1,0,45,67_AL_.jpg",,2016,Nitesh Tiwari,https://imdb.com/title/tt5074352,tt5074352,8.2,120
Piciul,"https://m.media-amazon.com/images/M/MV5BZjhhMThhNDItNTY2MC00MmU1LTliNDEtNDdhZjdlNTY5ZDQ1XkEyXkFqcGdeQXVyNjc1NTYyMjg@._V1_UX45_CR0,0,45,67_AL_.jpg",,1921,Charles Chaplin,https://imdb.com/title/tt0012349,tt0012349,8.2,120
Unora le place jazzul,"https://m.media-amazon.com/images/M/MV5BNzAyOGIxYjAtMGY2NC00ZTgyLWIwMWEtYzY0OWQ4NDFjOTc5XkEyXkFqcGdeQXVyNjU0OTQ0OTY@._V1_UX45_CR0,0,45,67_AL_.jpg",,1959,Billy Wilder,https://imdb.com/title/tt0053291,tt0053291,8.2,120
Omul-Păianjen: Niciun Drum Spre Casă,"https://m.media-amazon.com/images/M/MV5BZWMyYzFjYTYtNTRjYi00OGExLWE2YzgtOGRmYjAxZTU3NzBiXkEyXkFqcGdeQXVyMzQ0MzA0NTM@._V1_UY67_CR0,0,45,67_AL_.jpg",,2021,Jon Watts,https://imdb.com/title/tt10872600,tt10872600,8.2,120
Totul despre Eva,"https://m.media-amazon.com/images/M/MV5BMTY2MTAzODI5NV5BMl5BanBnXkFtZTgwMjM4NzQ0MjE@._V1_UX45_CR0,0,45,67_AL_.jpg",,1950,Joseph L. Mankiewicz,https://imdb.com/title/tt0042192,tt0042192,8.2,120
The Father,"https://m.media-amazon.com/images/M/MV5BZGJhNWRiOWQtMjI4OS00ZjcxLTgwMTAtMzQ2ODkxY2JkOTVlXkEyXkFqcGdeQXVyMTkxNjUyNQ@@._V1_UY67_CR0,0,45,67_AL_.jpg",,2020,Florian Zeller,https://imdb.com/title/tt10272386,tt10272386,8.2,120
Green Book: O prietenie pe viață,"https://m.media-amazon.com/images/M/MV5BYzIzYmJlYTYtNGNiYy00N2EwLTk4ZjItMGYyZTJiOTVkM2RlXkEyXkFqcGdeQXVyODY1NDk1NjE@._V1_UX45_CR0,0,45,67_AL_.jpg",,2018,Peter Farrelly,https://imdb.com/title/tt6966692,tt6966692,8.2,120
Lupul de pe Wall Street,"https://m.media-amazon.com/images/M/MV5BMjIxMjgxNTk0MF5BMl5BanBnXkFtZTgwNjIyOTg2MDE@._V1_UY67_CR0,0,45,67_AL_.jpg",,2013,Martin Scorsese,https://imdb.com/title/tt0993846,tt0993846,8.2,120
Procesul de la Nürnberg,"https://m.media-amazon.com/images/M/MV5BNDc2ODQ5NTE2MV5BMl5BanBnXkFtZTcwODExMjUyNA@@._V1_UX45_CR0,0,45,67_AL_.jpg",,1961,Stanley Kramer,https://imdb.com/title/tt0055031,tt0055031,8.2,120
Haos,"https://m.media-amazon.com/images/M/MV5BMmU1NGYwZWYtOWExNi00ZTEyLTgwMmUtM2ZlMDVjNWM4YjVlXkEyXkFqcGdeQXVyMjUzOTY1NTc@._V1_UX45_CR0,0,45,67_AL_.jpg",,1985,Akira Kurosawa,https://imdb.com/title/tt0089881,tt0089881,8.2,120
Necruțătorul,"https://m.media-amazon.com/images/M/MV5BODM3YWY4NmQtN2Y3Ni00OTg0LWFhZGQtZWE3ZWY4MTJlOWU4XkEyXkFqcGdeQXVyNjU0OTQ0OTY@._V1_UX45_CR0,0,45,67_AL_.jpg",,1992,Clint Eastwood,https://imdb.com/title/tt0105695,tt0105695,8.2,120
Casino,"https://m.media-amazon.com/images/M/MV5BMTcxOWYzNDYtYmM4YS00N2NkLTk0NTAtNjg1ODgwZjAxYzI3XkEyXkFqcGdeQXVyNTA4NzY1MzY@._V1_UX45_CR0,0,45,67_AL_.jpg",,1995,Martin Scorsese,https://imdb.com/title/tt0112641,tt0112641,8.2,120
Labirintul lui Pan,"https://m.media-amazon.com/images/M/MV5BYzFjMThiMGItOWRlMC00MDI4LThmOGUtYTNlZGZiYWI1YjMyXkEyXkFqcGdeQXVyMjUzOTY1NTc@._V1_UX45_CR0,0,45,67_AL_.jpg",,2006,Guillermo del Toro,https://imdb.com/title/tt0457430,tt0457430,8.2,120
Va curge sânge,"https://m.media-amazon.com/images/M/MV5BMjAxODQ4MDU5NV5BMl5BanBnXkFtZTcwMDU4MjU1MQ@@._V1_UY67_CR0,0,45,67_AL_.jpg",,2007,Paul Thomas Anderson,https://imdb.com/title/tt0469494,tt0469494,8.2,120
Al șaselea simț,"https://m.media-amazon.com/images/M/MV5BMWM4NTFhYjctNzUyNi00NGMwLTk3NTYtMDIyNTZmMzRlYmQyXkEyXkFqcGdeQXVyMTAwMzUyOTc@._V1_UY67_CR0,0,45,67_AL_.jpg",,1999,M. Night Shyamalan,https://imdb.com/title/tt0167404,tt0167404,8.2,120
O minte sclipitoare,"https://m.media-amazon.com/images/M/MV5BMzcwYWFkYzktZjAzNC00OGY1LWI4YTgtNzc5MzVjMDVmNjY0XkEyXkFqcGdeQXVyMTQxNzMzNDI@._V1_UY67_CR0,0,45,67_AL_.jpg",,2001,Ron Howard,https://imdb.com/title/tt0268978,tt0268978,8.2,120
Truman Show,"https://m.media-amazon.com/images/M/MV5BMDIzODcyY2EtMmY2MC00ZWVlLTgwMzAtMjQwOWUyNmJjNTYyXkEyXkFqcGdeQXVyNDk3NzU2MTQ@._V1_UY67_CR0,0,45,67_AL_.jpg",,1998,Peter Weir,https://imdb.com/title/tt0120382,tt0120382,8.2,120
Monty Python și Sfântul Graal,"https://m.media-amazon.com/images/M/MV5BN2IyNTE4YzUtZWU0Mi00MGIwLTgyMmQtMzQ4YzQxYWNlYWE2XkEyXkFqcGdeQXVyNjU0OTQ0OTY@._V1_UX45_CR0,0,45,67_AL_.jpg",,1975,Terry Gilliam,https://imdb.com/title/tt0071853,tt0071853,8.2,120
Garda de corp,"https://m.media-amazon.com/images/M/MV5BZThiZjAzZjgtNDU3MC00YThhLThjYWUtZGRkYjc2ZWZlOTVjXkEyXkFqcGdeQXVyNTA4NzY1MzY@._V1_UX45_CR0,0,45,67_AL_.jpg",,1961,Akira Kurosawa,https://imdb.com/title/tt0055630,tt0055630,8.2,120
Comoara din Sierra Madre,"https://m.media-amazon.com/images/M/MV5BOTJlZWMxYzEtMjlkMS00ODE0LThlM2ItMDI3NGQ2YjhmMzkxXkEyXkFqcGdeQXVyMDI2NDg0NQ@@._V1_UX45_CR0,0,45,67_AL_.jpg",,1948,John Huston,https://imdb.com/title/tt0040897,tt0040897,8.1,120
Insula Shutter,"https://m.media-amazon.com/images/M/MV5BYzhiNDkyNzktNTZmYS00ZTBkLTk2MDAtM2U0YjU1MzgxZjgzXkEyXkFqcGdeQXVyMTMxODk2OTU@._V1_UY67_CR0,0,45,67_AL_.jpg",,2010,Martin Scorsese,https://imdb.com/title/tt1130884,tt1130884,8.1,120
Rashomon,"https://m.media-amazon.com/images/M/MV5BMjEzMzA4NDE2OF5BMl5BanBnXkFtZTcwNTc5MDI2NQ@@._V1_UY67_CR0,0,45,67_AL_.jpg",,1950,Akira Kurosawa,https://imdb.com/title/tt0042876,tt0042876,8.1,120
Jurassic Park,"https://m.media-amazon.com/images/M/MV5BMjM2MDgxMDg0Nl5BMl5BanBnXkFtZTgwNTM2OTM5NDE@._V1_UX45_CR0,0,45,67_AL_.jpg",,1993,Steven Spielberg,https://imdb.com/title/tt0107290,tt0107290,8.1,120
Marea evadare,"https://m.media-amazon.com/images/M/MV5BNzA2NmYxMWUtNzBlMC00MWM2LTkwNmQtYTFlZjQwODNhOWE0XkEyXkFqcGdeQXVyNTIzOTk5ODM@._V1_UX45_CR0,0,45,67_AL_.jpg",,1963,John Sturges,https://imdb.com/title/tt0057115,tt0057115,8.1,120
Kill Bill: Volumul 1,"https://m.media-amazon.com/images/M/MV5BNzM3NDFhYTAtYmU5Mi00NGRmLTljYjgtMDkyODQ4MjNkMGY2XkEyXkFqcGdeQXVyNzkwMjQ5NzM@._V1_UX45_CR0,0,45,67_AL_.jpg",,2003,Quentin Tarantino,https://imdb.com/title/tt0266697,tt0266697,8.1,120
Nu există țară pentru bătrâni,"https://m.media-amazon.com/images/M/MV5BMjA5Njk3MjM4OV5BMl5BanBnXkFtZTcwMTc5MTE1MQ@@._V1_UY67_CR0,0,45,67_AL_.jpg",,2007,Ethan Coen,https://imdb.com/title/tt0477348,tt0477348,8.1,120
În căutarea lui Nemo,"https://m.media-amazon.com/images/M/MV5BZTAzNWZlNmUtZDEzYi00ZjA5LWIwYjEtZGM1NWE1MjE4YWRhXkEyXkFqcGdeQXVyNjU0OTQ0OTY@._V1_UY67_CR0,0,45,67_AL_.jpg",,2003,Andrew Stanton,https://imdb.com/title/tt0266543,tt0266543,8.1,120
Omul elefant,"https://m.media-amazon.com/images/M/MV5BMDVjNjIwOGItNDE3Ny00OThjLWE0NzQtZTU3YjMzZTZjMzhkXkEyXkFqcGdeQXVyMTQxNzMzNDI@._V1_UX45_CR0,0,45,67_AL_.jpg",,1980,David Lynch,https://imdb.com/title/tt0080678,tt0080678,8.1,120
Cartierul chinezesc,"https://m.media-amazon.com/images/M/MV5BMjJkMDZhYzItZTFhMi00ZGI4LThlNTAtZDNlYmEwNjFkNDYzXkEyXkFqcGdeQXVyMjUzOTY1NTc@._V1_UX45_CR0,0,45,67_AL_.jpg",,1974,Roman Polanski,https://imdb.com/title/tt0071315,tt0071315,8.1,120
Taurul furios,"https://m.media-amazon.com/images/M/MV5BYjRmODkzNDItMTNhNi00YjJlLTg0ZjAtODlhZTM0YzgzYThlXkEyXkFqcGdeQXVyNzQ1ODk3MTQ@._V1_UY67_CR0,0,45,67_AL_.jpg",,1980,Martin Scorsese,https://imdb.com/title/tt0081398,tt0081398,8.1,120
Pe aripile vântului,"https://m.media-amazon.com/images/M/MV5BYjUyZWZkM2UtMzYxYy00ZmQ3LWFmZTQtOGE2YjBkNjA3YWZlXkEyXkFqcGdeQXVyNzkwMjQ5NzM@._V1_UX45_CR0,0,45,67_AL_.jpg",,1939,Victor Fleming,https://imdb.com/title/tt0031381,tt0031381,8.1,120
"Orice, oriunde, oricând","https://m.media-amazon.com/images/M/MV5BYTdiOTIyZTQtNmQ1OS00NjZlLWIyMTgtYzk5Y2M3ZDVmMDk1XkEyXkFqcGdeQXVyMTAzMDg4NzU0._V1_UY67_CR0,0,45,67_AL_.jpg",,2022,Dan Kwan,https://imdb.com/title/tt6710474,tt6710474,8.1,120
Creatura,"https://m.media-amazon.com/images/M/MV5BNGViZWZmM2EtNGYzZi00ZDAyLTk3ODMtNzIyZTBjN2Y1NmM1XkEyXkFqcGdeQXVyNTAyODkwOQ@@._V1_UX45_CR0,0,45,67_AL_.jpg",,1982,John Carpenter,https://imdb.com/title/tt0084787,tt0084787,8.1,120
V de la Vendetta,"https://m.media-amazon.com/images/M/MV5BOTI5ODc3NzExNV5BMl5BanBnXkFtZTcwNzYxNzQzMw@@._V1_UY67_CR0,0,45,67_AL_.jpg",,2006,James McTeigue,https://imdb.com/title/tt0434409,tt0434409,8.1,120
Întors pe dos,"https://m.media-amazon.com/images/M/MV5BOTgxMDQwMDk0OF5BMl5BanBnXkFtZTgwNjU5OTg2NDE@._V1_UY67_CR0,0,45,67_AL_.jpg",,2015,Pete Docter,https://imdb.com/title/tt2096673,tt2096673,8.1,120
"Jocuri, poturi și focuri de armă","https://m.media-amazon.com/images/M/MV5BMTAyN2JmZmEtNjAyMy00NzYwLThmY2MtYWQ3OGNhNjExMmM4XkEyXkFqcGdeQXVyNDk3NzU2MTQ@._V1_UX45_CR0,0,45,67_AL_.jpg",,1998,Guy Ritchie,https://imdb.com/title/tt0120735,tt0120735,8.1,120
Cu C de la crimă,"https://m.media-amazon.com/images/M/MV5BOWIwODIxYWItZDI4MS00YzhhLWE3MmYtMzlhZDIwOTMzZmE5L2ltYWdlXkEyXkFqcGdeQXVyNjc1NTYyMjg@._V1_UX45_CR0,0,45,67_AL_.jpg",,1954,Alfred Hitchcock,https://imdb.com/title/tt0046912,tt0046912,8.1,120
Secretul,"https://m.media-amazon.com/images/M/MV5BY2FhZGI5M2QtZWFiZS00NjkwLWE4NWQtMzg3ZDZjNjdkYTJiXkEyXkFqcGdeQXVyMTMxODk2OTU@._V1_UY67_CR0,0,45,67_AL_.jpg",,2009,Juan José Campanella,https://imdb.com/title/tt1305806,tt1305806,8.1,120
Castelul umblător al lui Howl,"https://m.media-amazon.com/images/M/MV5BNmM4YTFmMmItMGE3Yy00MmRkLTlmZGEtMzZlOTQzYjk3MzA2XkEyXkFqcGdeQXVyMTMxODk2OTU@._V1_UX45_CR0,0,45,67_AL_.jpg",,2004,Hayao Miyazaki,https://imdb.com/title/tt0347149,tt0347149,8.1,120
Podul de pe râul Kwai,"https://m.media-amazon.com/images/M/MV5BOGY5NmNlMmQtYzRlYy00NGQ5LWFkYjYtNzExZmQyMTg0ZDA0XkEyXkFqcGdeQXVyNDIzMzcwNjc@._V1_UX45_CR0,0,45,67_AL_.jpg",,1957,David Lean,https://imdb.com/title/tt0050212,tt0050212,8.1,120
"Trei panouri publicitare lângă Ebbing, Missouri","https://m.media-amazon.com/images/M/MV5BMjI0ODcxNzM1N15BMl5BanBnXkFtZTgwMzIwMTEwNDI@._V1_UY67_CR0,0,45,67_AL_.jpg",,2017,Martin McDonagh,https://imdb.com/title/tt5027774,tt5027774,8.1,120
Trainspotting - Din viață scapă cine poate,"https://m.media-amazon.com/images/M/MV5BMzA5Zjc3ZTMtMmU5YS00YTMwLWI4MWUtYTU0YTVmNjVmODZhXkEyXkFqcGdeQXVyNjU0OTQ0OTY@._V1_UY67_CR0,0,45,67_AL_.jpg",,1996,Danny Boyle,https://imdb.com/title/tt0117951,tt0117951,8.1,120
Războinicul,"https://m.media-amazon.com/images/M/MV5BMTk4ODk5MTMyNV5BMl5BanBnXkFtZTcwMDMyNTg0Ng@@._V1_UX45_CR0,0,45,67_AL_.jpg",,2011,Gavin O'Connor,https://imdb.com/title/tt1291584,tt1291584,8.1,120
Gran Torino,"https://m.media-amazon.com/images/M/MV5BMTc5NTk2OTU1Nl5BMl5BanBnXkFtZTcwMDc3NjAwMg@@._V1_UY67_CR0,0,45,67_AL_.jpg",,2008,Clint Eastwood,https://imdb.com/title/tt1205489,tt1205489,8.1,120
Fargo,"https://m.media-amazon.com/images/M/MV5BNDJiZDgyZjctYmRjMS00ZjdkLTkwMTEtNGU1NDg3NDQ0Yzk1XkEyXkFqcGdeQXVyNzkwMjQ5NzM@._V1_UY67_CR0,0,45,67_AL_.jpg",,1996,Joel Coen,https://imdb.com/title/tt0116282,tt0116282,8.1,120
Prizonieri,"https://m.media-amazon.com/images/M/MV5BMTg0NTIzMjQ1NV5BMl5BanBnXkFtZTcwNDc3MzM5OQ@@._V1_UY67_CR0,0,45,67_AL_.jpg",,2013,Denis Villeneuve,https://imdb.com/title/tt1392214,tt1392214,8.1,120
Vecinul meu Totoro,"https://m.media-amazon.com/images/M/MV5BYzJjMTYyMjQtZDI0My00ZjE2LTkyNGYtOTllNGQxNDMyZjE0XkEyXkFqcGdeQXVyMTMxODk2OTU@._V1_UY67_CR1,0,45,67_AL_.jpg",,1988,Hayao Miyazaki,https://imdb.com/title/tt0096283,tt0096283,8.1,120
O fată de milioane,"https://m.media-amazon.com/images/M/MV5BMTkxNzA1NDQxOV5BMl5BanBnXkFtZTcwNTkyMTIzMw@@._V1_UY67_CR0,0,45,67_AL_.jpg",,2004,Clint Eastwood,https://imdb.com/title/tt0405159,tt0405159,8.1,120
Goana după aur,"https://m.media-amazon.com/images/M/MV5BZjEyOTE4MzMtNmMzMy00Mzc3LWJlOTQtOGJiNDE0ZmJiOTU4L2ltYWdlXkEyXkFqcGdeQXVyNTAyODkwOQ@@._V1_UY67_CR2,0,45,67_AL_.jpg",,1925,Charles Chaplin,https://imdb.com/title/tt0015864,tt0015864,8.1,120
Prinde-mă! Dacă poți!,"https://m.media-amazon.com/images/M/MV5BMTY5MzYzNjc5NV5BMl5BanBnXkFtZTYwNTUyNTc2._V1_UY67_CR0,0,45,67_AL_.jpg",,2002,Steven Spielberg,https://imdb.com/title/tt0264464,tt0264464,8.1,120
Vânătorul de recompense,"https://m.media-amazon.com/images/M/MV5BNzQzMzJhZTEtOWM4NS00MTdhLTg0YjgtMjM4MDRkZjUwZDBlXkEyXkFqcGdeQXVyNjU0OTQ0OTY@._V1_UY67_CR0,0,45,67_AL_.jpg",,1982,Ridley Scott,https://imdb.com/title/tt0083658,tt0083658,8.1,120
Pe chei,"https://m.media-amazon.com/images/M/MV5BY2I0MWFiZDMtNWQyYy00Njk5LTk3MDktZjZjNTNmZmVkYjkxXkEyXkFqcGdeQXVyNjc1NTYyMjg@._V1_UX45_CR0,0,45,67_AL_.jpg",,1954,Elia Kazan,https://imdb.com/title/tt0047296,tt0047296,8.1,120
Copiii paradisului,"https://m.media-amazon.com/images/M/MV5BZTYwZWQ4ZTQtZWU0MS00N2YwLWEzMDItZWFkZWY0MWVjODVhXkEyXkFqcGdeQXVyNjU0OTQ0OTY@._V1_UX45_CR0,0,45,67_AL_.jpg",,1997,Majid Majidi,https://imdb.com/title/tt0118849,tt0118849,8.1,120
Al treilea om,"https://m.media-amazon.com/images/M/MV5BYjE2OTdhMWUtOGJlMy00ZDViLWIzZjgtYjZkZGZmMDZjYmEyXkEyXkFqcGdeQXVyNzkwMjQ5NzM@._V1_UX45_CR0,0,45,67_AL_.jpg",,1949,Carol Reed,https://imdb.com/title/tt0041959,tt0041959,8.1,120
Ben-Hur,"https://m.media-amazon.com/images/M/MV5BNjgxY2JiZDYtZmMwOC00ZmJjLWJmODUtMTNmNWNmYWI5ODkwL2ltYWdlL2ltYWdlXkEyXkFqcGdeQXVyNjc1NTYyMjg@._V1_UX45_CR0,0,45,67_AL_.jpg",,1959,William Wyler,https://imdb.com/title/tt0052618,tt0052618,8.1,120
12 ani de sclavie,"https://m.media-amazon.com/images/M/MV5BMjExMTEzODkyN15BMl5BanBnXkFtZTcwNTU4NTc4OQ@@._V1_UY67_CR0,0,45,67_AL_.jpg",,2013,Steve McQueen,https://imdb.com/title/tt2024544,tt2024544,8.1,120
Mecanicul Generalei,"https://m.media-amazon.com/images/M/MV5BYmRiMDFlYjYtOTMwYy00OGY2LWE0Y2QtYzQxOGNhZmUwNTIxXkEyXkFqcGdeQXVyNzkwMjQ5NzM@._V1_UY67_CR0,0,45,67_AL_.jpg",,1926,Clyde Bruckman,https://imdb.com/title/tt0017925,tt0017925,8.1,120
Fragii sălbatici,"https://m.media-amazon.com/images/M/MV5BYWQxYzdhMDMtNjAyZC00NzE0LWFjYmQtYjk0YzMyYjA5NzZkXkEyXkFqcGdeQXVyMjUzOTY1NTc@._V1_UX45_CR0,0,45,67_AL_.jpg",,1957,Ingmar Bergman,https://imdb.com/title/tt0050986,tt0050986,8.1,120
Înainte de răsărit,"https://m.media-amazon.com/images/M/MV5BZDdiZTAwYzAtMDI3Ni00OTRjLTkzN2UtMGE3MDMyZmU4NTU4XkEyXkFqcGdeQXVyNjU0OTQ0OTY@._V1_UY67_CR0,0,45,67_AL_.jpg",,1995,Richard Linklater,https://imdb.com/title/tt0112471,tt0112471,8.1,120
Fata dispărută,"https://m.media-amazon.com/images/M/MV5BMTk0MDQ3MzAzOV5BMl5BanBnXkFtZTgwNzU1NzE3MjE@._V1_UY67_CR0,0,45,67_AL_.jpg",,2014,David Fincher,https://imdb.com/title/tt2267998,tt2267998,8.1,120
Harry Potter și Talismanele Morții: Partea a II-a,"https://m.media-amazon.com/images/M/MV5BMGVmMWNiMDktYjQ0Mi00MWIxLTk0N2UtN2ZlYTdkN2IzNDNlXkEyXkFqcGdeQXVyODE5NzE3OTE@._V1_UX45_CR0,0,45,67_AL_.jpg",,2011,David Yates,https://imdb.com/title/tt1201607,tt1201607,8.1,120
Vânătorul de cerbi,"https://m.media-amazon.com/images/M/MV5BNDhmNTA0ZDMtYjhkNS00NzEzLWIzYTItOGNkMTVmYjE2YmI3XkEyXkFqcGdeQXVyNzkwMjQ5NzM@._V1_UY67_CR0,0,45,67_AL_.jpg",,1978,Michael Cimino,https://imdb.com/title/tt0077416,tt0077416,8.1,120
În numele tatălui,"https://m.media-amazon.com/images/M/MV5BMmYyOTgwYWItYmU3Ny00M2E2LTk0NWMtMDVlNmQ0MWZiMTMxXkEyXkFqcGdeQXVyNzkwMjQ5NzM@._V1_UX45_CR0,0,45,67_AL_.jpg",,1993,Jim Sheridan,https://imdb.com/title/tt0107207,tt0107207,8.1,120
Hotel Grand Budapest,"https://m.media-amazon.com/images/M/MV5BMzM5NjUxOTEyMl5BMl5BanBnXkFtZTgwNjEyMDM0MDE@._V1_UY67_CR0,0,45,67_AL_.jpg",,2014,Wes Anderson,https://imdb.com/title/tt2278388,tt2278388,8.1,120
Domnul Smith merge la Washington,"https://m.media-amazon.com/images/M/MV5BZTYwYjYxYzgtMDE1Ni00NzU4LWJlMTEtODQ5YmJmMGJhZjI5L2ltYWdlXkEyXkFqcGdeQXVyMDI2NDg0NQ@@._V1_UX45_CR0,0,45,67_AL_.jpg",,1939,Frank Capra,https://imdb.com/title/tt0031679,tt0031679,8.1,120
Salariul groazei,"https://m.media-amazon.com/images/M/MV5BZDdkNzMwZmUtY2Q5MS00ZmM2LWJhYjItYTBjMWY0MGM4MDRjXkEyXkFqcGdeQXVyNTA4NzY1MzY@._V1_UY67_CR0,0,45,67_AL_.jpg",,1953,Henri-Georges Clouzot,https://imdb.com/title/tt0046268,tt0046268,8.1,120
Barry Lyndon,"https://m.media-amazon.com/images/M/MV5BNmY0MWY2NDctZDdmMi00MjA1LTk0ZTQtZDMyZTQ1NTNlYzVjXkEyXkFqcGdeQXVyMjUzOTY1NTc@._V1_UX45_CR0,0,45,67_AL_.jpg",,1975,Stanley Kubrick,https://imdb.com/title/tt0072684,tt0072684,8.1,120
Sherlock junior,"https://m.media-amazon.com/images/M/MV5BZWFhOGU5NDctY2Q3YS00Y2VlLWI1NzEtZmIwY2ZiZjY4OTA2XkEyXkFqcGdeQXVyMDI2NDg0NQ@@._V1_UX45_CR0,0,45,67_AL_.jpg",,1924,Buster Keaton,https://imdb.com/title/tt0015324,tt0015324,8.1,120
Amintiri despre crime,"https://m.media-amazon.com/images/M/MV5BOGViNTg4YTktYTQ2Ni00MTU0LTk2NWUtMTI4OTc1YTM0NzQ2XkEyXkFqcGdeQXVyMDM2NDM2MQ@@._V1_UY67_CR0,0,45,67_AL_.jpg",,2003,Bong Joon Ho,https://imdb.com/title/tt0353969,tt0353969,8.1,120
Klaus,"https://m.media-amazon.com/images/M/MV5BMWYwOThjM2ItZGYxNy00NTQwLWFlZWEtM2MzM2Q5MmY3NDU5XkEyXkFqcGdeQXVyMTkxNjUyNQ@@._V1_UY67_CR0,0,45,67_AL_.jpg",,2019,Sergio Pablos,https://imdb.com/title/tt4729430,tt4729430,8.1,120
Fără armă în linia întâi,"https://m.media-amazon.com/images/M/MV5BMjQ1NjM3MTUxNV5BMl5BanBnXkFtZTgwMDc5MTY5OTE@._V1_UX45_CR0,0,45,67_AL_.jpg",,2016,Mel Gibson,https://imdb.com/title/tt2119532,tt2119532,8.1,120
A șaptea pecete,"https://m.media-amazon.com/images/M/MV5BM2I1ZWU4YjMtYzU0My00YmMzLWFmNTAtZDJhZGYwMmI3YWQ5XkEyXkFqcGdeQXVyNjU0OTQ0OTY@._V1_UX45_CR0,0,45,67_AL_.jpg",,1957,Ingmar Bergman,https://imdb.com/title/tt0050976,tt0050976,8.1,120
Camera,"https://m.media-amazon.com/images/M/MV5BMjE4NzgzNzEwMl5BMl5BanBnXkFtZTgwMTMzMDE0NjE@._V1_UY67_CR0,0,45,67_AL_.jpg",,2015,Lenny Abrahamson,https://imdb.com/title/tt3170832,tt3170832,8.1,120
Povești trăsnite,"https://m.media-amazon.com/images/M/MV5BNGQzY2Y0MTgtMDA4OC00NjM3LWI0ZGQtNTJlM2UxZDQxZjI0XkEyXkFqcGdeQXVyNDUzOTQ5MjY@._V1_UY67_CR1,0,45,67_AL_.jpg",,2014,Damián Szifron,https://imdb.com/title/tt3011894,tt3011894,8.1,120
Mad Max: Drumul furiei,"https://m.media-amazon.com/images/M/MV5BN2EwM2I5OWMtMGQyMi00Zjg1LWJkNTctZTdjYTA4OGUwZjMyXkEyXkFqcGdeQXVyMTMxODk2OTU@._V1_UY67_CR0,0,45,67_AL_.jpg",,2015,George Miller,https://imdb.com/title/tt1392190,tt1392190,8.1,120
Marele Lebowski,"https://m.media-amazon.com/images/M/MV5BMTQ0NjUzMDMyOF5BMl5BanBnXkFtZTgwODA1OTU0MDE@._V1_UX45_CR0,0,45,67_AL_.jpg",,1998,Joel Coen,https://imdb.com/title/tt0118715,tt0118715,8.1,120
Cum să îți dresezi dragonul,"https://m.media-amazon.com/images/M/MV5BMjA5NDQyMjc2NF5BMl5BanBnXkFtZTcwMjg5ODcyMw@@._V1_UY67_CR0,0,45,67_AL_.jpg",,2010,Dean DeBlois,https://imdb.com/title/tt0892769,tt0892769,8.1,120
Mary și Max,"https://m.media-amazon.com/images/M/MV5BMDgzYjQwMDMtNGUzYi00MTRmLWIyMGMtNjE1OGZkNzY2YWIzL2ltYWdlXkEyXkFqcGdeQXVyNjU0OTQ0OTY@._V1_UY67_CR1,0,45,67_AL_.jpg",,2009,Adam Elliot,https://imdb.com/title/tt0978762,tt0978762,8.1,120
Compania monștrilor,"https://m.media-amazon.com/images/M/MV5BMTY1NTI0ODUyOF5BMl5BanBnXkFtZTgwNTEyNjQ0MDE@._V1_UY67_CR0,0,45,67_AL_.jpg",,2001,Pete Docter,https://imdb.com/title/tt0198781,tt0198781,8.1,120
Fălci,"https://m.media-amazon.com/images/M/MV5BMmVmODY1MzEtYTMwZC00MzNhLWFkNDMtZjAwM2EwODUxZTA5XkEyXkFqcGdeQXVyNTAyODkwOQ@@._V1_UX45_CR0,0,45,67_AL_.jpg",,1975,Steven Spielberg,https://imdb.com/title/tt0073195,tt0073195,8.1,120
Patimile Ioanei d'Arc,"https://m.media-amazon.com/images/M/MV5BNjBjNDJiYTUtOWY0OS00OGVmLTg2YzctMTE0NzVhODM1ZWJmXkEyXkFqcGdeQXVyNjU0OTQ0OTY@._V1_UX45_CR0,0,45,67_AL_.jpg",,1928,Carl Theodor Dreyer,https://imdb.com/title/tt0019254,tt0019254,8.1,120
Poveste din Tokyo,"https://m.media-amazon.com/images/M/MV5BYWQ4ZTRiODktNjAzZC00Nzg1LTk1YWQtNDFmNDI0NmZiNGIwXkEyXkFqcGdeQXVyNzkwMjQ5NzM@._V1_UY67_CR0,0,45,67_AL_.jpg",,1953,Yasujirô Ozu,https://imdb.com/title/tt0046438,tt0046438,8.1,120
Cercul poeților dispăruți,"https://m.media-amazon.com/images/M/MV5BOGYwYWNjMzgtNGU4ZC00NWQ2LWEwZjUtMzE1Zjc3NjY3YTU1XkEyXkFqcGdeQXVyMTQxNzMzNDI@._V1_UY67_CR0,0,45,67_AL_.jpg",,1989,Peter Weir,https://imdb.com/title/tt0097165,tt0097165,8.1,120
Hotel Rwanda,"https://m.media-amazon.com/images/M/MV5BZGJjYmIzZmQtNWE4Yy00ZGVmLWJkZGEtMzUzNmQ4ZWFlMjRhXkEyXkFqcGdeQXVyMTMxODk2OTU@._V1_UY67_CR0,0,45,67_AL_.jpg",,2004,Terry George,https://imdb.com/title/tt0395169,tt0395169,8.1,120
Rocky,"https://m.media-amazon.com/images/M/MV5BNTBkMjg2MjYtYTZjOS00ODQ0LTg0MDEtM2FiNmJmOGU1NGEwXkEyXkFqcGdeQXVyMjUzOTY1NTc@._V1_UX45_CR0,0,45,67_AL_.jpg",,1976,John G. Avildsen,https://imdb.com/title/tt0075148,tt0075148,8.0,120
Plutonul,"https://m.media-amazon.com/images/M/MV5BMzRjZjdlMjQtODVkYS00N2YzLWJlYWYtMGVlN2E5MWEwMWQzXkEyXkFqcGdeQXVyMTQxNzMzNDI@._V1_UX45_CR0,0,45,67_AL_.jpg",,1986,Oliver Stone,https://imdb.com/title/tt0091763,tt0091763,8.0,120
Marea provocare: Le Mans '66,"https://m.media-amazon.com/images/M/MV5BM2UwMDVmMDItM2I2Yi00NGZmLTk4ZTUtY2JjNTQ3OGQ5ZjM2XkEyXkFqcGdeQXVyMTA1OTYzOTUx._V1_UY67_CR0,0,45,67_AL_.jpg",,2019,James Mangold,https://imdb.com/title/tt1950186,tt1950186,8.0,120
Pather Panchali,"https://m.media-amazon.com/images/M/MV5BMmFkNDY5OTktNzY3Yy00OTFlLThhNjktOTRhMmZjZmIxYjAxXkEyXkFqcGdeQXVyNTgyNTA4MjM@._V1_UX45_CR0,0,45,67_AL_.jpg",,1955,Satyajit Ray,https://imdb.com/title/tt0048473,tt0048473,8.0,120
Prietenie,"https://m.media-amazon.com/images/M/MV5BODJmY2Y2OGQtMDg2My00N2Q3LWJmZTUtYTc2ODBjZDVlNDlhXkEyXkFqcGdeQXVyMTQxNzMzNDI@._V1_UX45_CR0,0,45,67_AL_.jpg",,1986,Rob Reiner,https://imdb.com/title/tt0092005,tt0092005,8.0,120
Executorul/Terminatorul,"https://m.media-amazon.com/images/M/MV5BYTViNzMxZjEtZGEwNy00MDNiLWIzNGQtZDY2MjQ1OWViZjFmXkEyXkFqcGdeQXVyNzkwMjQ5NzM@._V1_UX45_CR0,0,45,67_AL_.jpg",,1984,James Cameron,https://imdb.com/title/tt0088247,tt0088247,8.0,120
Spotlight,"https://m.media-amazon.com/images/M/MV5BMjIyOTM5OTIzNV5BMl5BanBnXkFtZTgwMDkzODE2NjE@._V1_UY67_CR0,0,45,67_AL_.jpg",,2015,Tom McCarthy,https://imdb.com/title/tt1895587,tt1895587,8.0,120
Rush: Rivalitate și adrenalină,"https://m.media-amazon.com/images/M/MV5BOWEwODJmZDItYTNmZC00OGM4LThlNDktOTQzZjIzMGQxODA4XkEyXkFqcGdeQXVyNjU0OTQ0OTY@._V1_UY67_CR0,0,45,67_AL_.jpg",,2013,Ron Howard,https://imdb.com/title/tt1979320,tt1979320,8.0,120
Rețeaua,"https://m.media-amazon.com/images/M/MV5BNzY0NjU5ODUtOTAzMC00NTU5LWJkZjctYWMyOWY2MTZmOWM1XkEyXkFqcGdeQXVyMTI3ODAyMzE2._V1_UX45_CR0,0,45,67_AL_.jpg",,1976,Sidney Lumet,https://imdb.com/title/tt0074958,tt0074958,8.0,120
În sălbăticie,"https://m.media-amazon.com/images/M/MV5BNjQ0ODlhMWUtNmUwMS00YjExLWI4MjQtNjVmMmE2Y2E0MGRmXkEyXkFqcGdeQXVyNDk3NzU2MTQ@._V1_UY67_CR0,0,45,67_AL_.jpg",,2007,Sean Penn,https://imdb.com/title/tt0758758,tt0758758,8.0,120
Logan,"https://m.media-amazon.com/images/M/MV5BYzc5MTU4N2EtYTkyMi00NjdhLTg3NWEtMTY4OTEyMzJhZTAzXkEyXkFqcGdeQXVyNjc1NTYyMjg@._V1_UX45_CR0,0,45,67_AL_.jpg",,2017,James Mangold,https://imdb.com/title/tt3315342,tt3315342,8.0,120
Vrăjitorul din Oz,"https://m.media-amazon.com/images/M/MV5BNjUyMTc4MDExMV5BMl5BanBnXkFtZTgwNDg0NDIwMjE@._V1_UX45_CR0,0,45,67_AL_.jpg",,1939,Victor Fleming,https://imdb.com/title/tt0032138,tt0032138,8.0,120
Ratatouille,"https://m.media-amazon.com/images/M/MV5BMTMzODU0NTkxMF5BMl5BanBnXkFtZTcwMjQ4MzMzMw@@._V1_UY67_CR0,0,45,67_AL_.jpg",,2007,Brad Bird,https://imdb.com/title/tt0382932,tt0382932,8.0,120
Ziua cârtiței,"https://m.media-amazon.com/images/M/MV5BZWIxNzM5YzQtY2FmMS00Yjc3LWI1ZjUtNGVjMjMzZTIxZTIxXkEyXkFqcGdeQXVyNjU0OTQ0OTY@._V1_UY67_CR0,0,45,67_AL_.jpg",,1993,Harold Ramis,https://imdb.com/title/tt0107048,tt0107048,8.0,120
Înainte de apus,"https://m.media-amazon.com/images/M/MV5BMTQ1MjAwNTM5Ml5BMl5BanBnXkFtZTYwNDM0MTc3._V1_UY67_CR0,0,45,67_AL_.jpg",,2004,Richard Linklater,https://imdb.com/title/tt0381681,tt0381681,8.0,120
Exorcistul,"https://m.media-amazon.com/images/M/MV5BYWFlZGY2NDktY2ZjOS00ZWNkLTg0ZDAtZDY4MTM1ODU4ZjljXkEyXkFqcGdeQXVyMjUzOTY1NTc@._V1_UX45_CR0,0,45,67_AL_.jpg",,1973,William Friedkin,https://imdb.com/title/tt0070047,tt0070047,8.0,120
Cei mai frumoși ani ai vieții noastre,"https://m.media-amazon.com/images/M/MV5BY2RmNTRjYzctODI4Ni00MzQyLWEyNTAtNjU0N2JkMTNhNjJkXkEyXkFqcGdeQXVyNjU0OTQ0OTY@._V1_UX45_CR0,0,45,67_AL_.jpg",,1946,William Wyler,https://imdb.com/title/tt0036868,tt0036868,8.0,120
Incredibilii,"https://m.media-amazon.com/images/M/MV5BMTY5OTU0OTc2NV5BMl5BanBnXkFtZTcwMzU4MDcyMQ@@._V1_UY67_CR0,0,45,67_AL_.jpg",,2004,Brad Bird,https://imdb.com/title/tt0317705,tt0317705,8.0,120
A fi sau a nu fi,"https://m.media-amazon.com/images/M/MV5BODZlOGI5ZjYtN2UwNy00OGY0LTgxY2UtNDZhMzBkN2EyZmIyXkEyXkFqcGdeQXVyNTgyNTA4MjM@._V1_UX45_CR0,0,45,67_AL_.jpg",,1942,Ernst Lubitsch,https://imdb.com/title/tt0035446,tt0035446,8.0,120
Fructele mâniei,"https://m.media-amazon.com/images/M/MV5BNzJiOGI2MjctYjUyMS00ZjkzLWE2ZmUtOTg4NTZkOTNhZDc1L2ltYWdlXkEyXkFqcGdeQXVyNjc1NTYyMjg@._V1_UY67_CR0,0,45,67_AL_.jpg",,1940,John Ford,https://imdb.com/title/tt0032551,tt0032551,8.0,120
Rebecca,"https://m.media-amazon.com/images/M/MV5BYTcxYWExOTMtMWFmYy00ZjgzLWI0YjktNWEzYzJkZTg0NDdmL2ltYWdlXkEyXkFqcGdeQXVyNjc1NTYyMjg@._V1_UY67_CR1,0,45,67_AL_.jpg",,1940,Alfred Hitchcock,https://imdb.com/title/tt0032976,tt0032976,8.0,120
Bătălia pentru Alger,"https://m.media-amazon.com/images/M/MV5BN2M4YTA4ZTEtN2EyNy00YTlmLWE4YzYtYjYyYjRkMWM4ZDM0XkEyXkFqcGdeQXVyMjUzOTY1NTc@._V1_UX45_CR0,0,45,67_AL_.jpg",,1966,Gillo Pontecorvo,https://imdb.com/title/tt0058946,tt0058946,8.0,120
Hachiko: Povestea unui câine,"https://m.media-amazon.com/images/M/MV5BNzE4NDg5OWMtMzg3NC00ZDRjLTllMDMtZTRjNWZmNjBmMGZlXkEyXkFqcGdeQXVyMTMxODk2OTU@._V1_UY67_CR1,0,45,67_AL_.jpg",,2009,Lasse Hallström,https://imdb.com/title/tt1028532,tt1028532,8.0,120
"Luke, mână rece","https://m.media-amazon.com/images/M/MV5BOWFlNzZhYmYtYTI5YS00MDQyLWIyNTUtNTRjMWUwNTEzNjA0XkEyXkFqcGdeQXVyNjUwNzk3NDc@._V1_UX45_CR0,0,45,67_AL_.jpg",,1967,Stuart Rosenberg,https://imdb.com/title/tt0061512,tt0061512,8.0,120
Iubiri și câini,"https://m.media-amazon.com/images/M/MV5BZjUxNmEwOGItMTBmYi00MWQ1LWExY2MtNDUxMjI0OWM4M2NiXkEyXkFqcGdeQXVyMjUzOTY1NTc@._V1_UX45_CR0,0,45,67_AL_.jpg",,2000,Alejandro G. Iñárritu,https://imdb.com/title/tt0245712,tt0245712,8.0,120
Pirații din Caraibe: Blestemul Perlei Negre,"https://m.media-amazon.com/images/M/MV5BNGYyZGM5MGMtYTY2Ni00M2Y1LWIzNjQtYWUzM2VlNGVhMDNhXkEyXkFqcGdeQXVyMTMxODk2OTU@._V1_UX45_CR0,0,45,67_AL_.jpg",,2003,Gore Verbinski,https://imdb.com/title/tt0325980,tt0325980,8.0,120
Ura,"https://m.media-amazon.com/images/M/MV5BOTQxOGU0OWUtMzExYy00ZjIxLWJmMzAtNTI1Y2YxYTMxN2RkXkEyXkFqcGdeQXVyMjUzOTY1NTc@._V1_UY67_CR0,0,45,67_AL_.jpg",,1995,Mathieu Kassovitz,https://imdb.com/title/tt0113247,tt0113247,8.0,120
Cele 400 de lovituri,"https://m.media-amazon.com/images/M/MV5BYTQ4MjA4NmYtYjRhNi00MTEwLTg0NjgtNjk3ODJlZGU4NjRkL2ltYWdlL2ltYWdlXkEyXkFqcGdeQXVyNjU0OTQ0OTY@._V1_UY67_CR2,0,45,67_AL_.jpg",,1959,François Truffaut,https://imdb.com/title/tt0053198,tt0053198,8.0,120
Persona,"https://m.media-amazon.com/images/M/MV5BYmFlOTcxMWUtZTMzMi00NWIyLTkwOTEtNjIxNmViNzc2Yzc1XkEyXkFqcGdeQXVyMjUzOTY1NTc@._V1_UX45_CR0,0,45,67_AL_.jpg",,1966,Ingmar Bergman,https://imdb.com/title/tt0060827,tt0060827,8.0,120
Tatăl meu și fiul meu,"https://m.media-amazon.com/images/M/MV5BNjAzMzEwYzctNjc1MC00Nzg5LWFmMGItMTgzYmMyNTY2OTQ4XkEyXkFqcGdeQXVyNjU0OTQ0OTY@._V1_UY67_CR0,0,45,67_AL_.jpg",,2005,Cagan Irmak,https://imdb.com/title/tt0476735,tt0476735,8.0,120
S-a întâmplat într-o noapte,"https://m.media-amazon.com/images/M/MV5BYzJmMWE5NjAtNWMyZS00NmFiLWIwMDgtZDE2NzczYWFhNzIzXkEyXkFqcGdeQXVyNjc1NTYyMjg@._V1_UX45_CR0,0,45,67_AL_.jpg",,1934,Frank Capra,https://imdb.com/title/tt0025316,tt0025316,8.0,120
Viața lui Brian,"https://m.media-amazon.com/images/M/MV5BMDA1ZWI4ZDItOTRlYi00OTUxLWFlNWQtMzM5NDI0YjA4ZGI2XkEyXkFqcGdeQXVyMjUzOTY1NTc@._V1_UX45_CR0,0,45,67_AL_.jpg",,1979,Terry Jones,https://imdb.com/title/tt0079470,tt0079470,8.0,120
Sunetul muzicii,"https://m.media-amazon.com/images/M/MV5BODIxNjhkYjEtYzUyMi00YTNjLWE1YjktNjAyY2I2MWNkNmNmL2ltYWdlL2ltYWdlXkEyXkFqcGdeQXVyMTQxNzMzNDI@._V1_UY67_CR1,0,45,67_AL_.jpg",,1965,Robert Wise,https://imdb.com/title/tt0059742,tt0059742,8.0,120
Dersu Uzala,"https://m.media-amazon.com/images/M/MV5BYWY0OWJlZTgtMWUzNy00MGJhLTk5YzQtNmY5MDEwOTIxNjMyXkEyXkFqcGdeQXVyNjc1NTYyMjg@._V1_UX45_CR0,0,45,67_AL_.jpg",,1975,Akira Kurosawa,https://imdb.com/title/tt0071411,tt0071411,8.0,120
Slujnica,"https://m.media-amazon.com/images/M/MV5BNDJhYTk2MTctZmVmOS00OTViLTgxNjQtMzQxOTRiMDdmNGRjXkEyXkFqcGdeQXVyMTMxODk2OTU@._V1_UY67_CR1,0,45,67_AL_.jpg",,2016,Park Chan-wook,https://imdb.com/title/tt4016934,tt4016934,8.0,120
Gandhi,"https://m.media-amazon.com/images/M/MV5BMzJiZDRmOWUtYjE2MS00Mjc1LTg1ZDYtNTQxYWJkZTg1OTM4XkEyXkFqcGdeQXVyNjUwNzk3NDc@._V1_UX45_CR0,0,45,67_AL_.jpg",,1982,Richard Attenborough,https://imdb.com/title/tt0083987,tt0083987,8.0,120
Aladdin,"https://m.media-amazon.com/images/M/MV5BY2Q2NDI1MjUtM2Q5ZS00MTFlLWJiYWEtNTZmNjQ3OGJkZDgxXkEyXkFqcGdeQXVyNTI4MjkwNjA@._V1_UY67_CR0,0,45,67_AL_.jpg",,1992,Ron Clements,https://imdb.com/title/tt0103639,tt0103639,8.0,120
The Help,"https://m.media-amazon.com/images/M/MV5BMTM5OTMyMjIxOV5BMl5BanBnXkFtZTcwNzU4MjIwNQ@@._V1_UY67_CR0,0,45,67_AL_.jpg",,2011,Tate Taylor,https://imdb.com/title/tt1454029,tt1454029,8.0,120
Jai Bhim,"https://m.media-amazon.com/images/M/MV5BOTM0NWFjNGYtNjExMS00ZTZlLWFiYmMtZmU4ZjZkMmMxZTNjXkEyXkFqcGdeQXVyODEyNjEwMDk@._V1_UY67_CR4,0,45,67_AL_.jpg",,2021,T.J. Gnanavel,https://imdb.com/title/tt15097216,tt15097216,8.0,120
Frumoasa și Bestia,"https://m.media-amazon.com/images/M/MV5BMzE5MDM1NDktY2I0OC00YWI5LTk2NzUtYjczNDczOWQxYjM0XkEyXkFqcGdeQXVyMTQxNzMzNDI@._V1_UY67_CR0,0,45,67_AL_.jpg",,1991,Gary Trousdale,https://imdb.com/title/tt0101414,tt0101414,8.0,120
